Name,Week,Date,Day,Sleep Hrs,Weight KG,Meditate,Visualize,Excercise,Music,Sched. Tom.,Calories,Improvements,Time from Time tracking,Diet (1 best to 5 worst),Cal. Target,Calorie Net,ToSleep Hr.,ToSleep Min.,Awake Hr.,Awake Min.,Awake Calc.,ToSleep Calc.,On Schedule,Productivity,Review,Reading,Progress Pic,BodyFat,MuscleMass,Hydration,BMI,Journal,Belly (in),Hips (in),Thighs (in) combined
2025-01-15,,"January 15, 2025",Wednesday,0,90,No,No,No,No,No,,,,,,0,,,,,0,0,,,,No,Daily%20Tracking%2018b4c69ec330443bb910f1ce8bd0f37a/IMG_1352.jpeg,,,,,,41,41,50
2024-10-04,,"October 4, 2024",Friday,0,83.3,No,No,No,No,No,,,,,,0,,,,,0,0,,,,No,,,,,,,,,
Shopping,,"August 15, 2024",Thursday,0,,No,No,No,No,No,,,,,,0,,,,,0,0,,,,No,,,,,,,,,
2024-08-15,,"August 15, 2024",Thursday,0,81.6,No,No,No,No,No,,,,,,0,,,,,0,0,,,,No,,,,,,,,,
2024-07-29,,"July 29, 2024",Monday,0,82.15,No,No,No,No,No,,,,,,0,,,,,0,0,,,,No,,,,,,,,,
,,"July 29, 2024",Monday,0,,No,No,No,No,No,,,,,,0,,,,,0,0,,,,No,,,,,,,,,
Take Old MacBook in,,"June 20, 2023",Tuesday,0,,No,No,No,No,No,,,,,,0,,,,,0,0,,,,No,,,,,,,,,
Please go day NC,,"May 16, 2023",Tuesday,0,,No,No,No,No,No,,,,,,0,,,,,0,0,,,,No,,,,,,,,,
,,"May 16, 2023",Tuesday,0,,No,No,No,No,No,,,,,,0,,,,,0,0,,,,No,,,,,,,,,
2023-04-24,,"April 26, 2023",Wednesday,7,,No,No,No,No,No,250,,,,1300,-1050,-1,0,6,,6,-1,,,,No,,,,,,,,,
,,"January 23, 2023",Monday,0,170.2,No,No,No,No,No,,,,,,0,,,,,0,0,,,,No,,,,,,,,,
21 Jan 23,,"January 21, 2023",Saturday,7,78.4,No,No,No,No,No,,,,,,0,-1,,6,,6,-1,,,,No,,,,,,,,,
,,"October 17, 2022",Monday,0,,No,No,No,No,No,1550,,,,,1550,,,,,0,0,,,,No,,19.5%,,,,,,,
15 Oct,,"October 15, 2022",Saturday,6.83,,No,No,No,No,No,,,,,,0,0,25,7,15,7.25,0.416666666667,,,,No,,,,,,,,,
08 Oct,,"October 8, 2022",Saturday,0,,No,No,No,No,No,900,,,,1000,-100,,,,,0,0,,,,No,,,,,,,,,
,,"October 7, 2022",Friday,0,,No,No,No,No,No,1100,,,,,1100,,,,,0,0,,,,No,,,,,,,,,
06 Oct,,"October 6, 2022",Thursday,0,,No,No,No,No,No,100,,,,,100,,,,,0,0,,,,No,,,,,,,,,
5 Oct,,"October 5, 2022",Wednesday,0,,No,No,Yes,No,No,3600,,,,,3600,,,,,0,0,,,,No,,,,,,,,,
,,"November 26, 2021",Friday,0,79.3,No,No,No,No,No,,,,,,0,,,,,0,0,,,,No,,,,,,,,,
19 Nov,,"November 19, 2021",Friday,0,79.1,No,No,No,No,No,,,,,,0,,,,,0,0,,,,No,,,,,,Today is the day (https://www.notion.so/Today-is-the-day-b5be8121b1c840c0af21885f31c15d98?pvs=21),,,
24 Oct,,"October 24, 2021",Sunday,0,,Yes,Yes,No,No,No,,,,,,0,,,,,0,0,,,,No,,,,,,,,,
23 August,23 - 30 Aug (https://www.notion.so/23-30-Aug-125468054d6e4c07a832a2e4bdc247cc?pvs=21),"August 23, 2021",Monday,0,69.8,Yes,No,No,No,No,,,,,,0,,,,,0,0,,,,No,,,,,,,,,
Aug 18,,"August 18, 2021",Wednesday,0,69.9,No,No,No,No,No,,,,,,0,,,,,0,0,,,,No,,,,,,Falling too quickly and too deeply (https://www.notion.so/Falling-too-quickly-and-too-deeply-64e660e240bc419492e19d38bdb716af?pvs=21),,,
17 August,,"August 17, 2021",Tuesday,0,70.4,No,No,No,No,No,,,,,,0,,,,,0,0,,,,No,,,,,,,,,
16 Aug,,"August 16, 2021",Monday,0,71.2,No,No,No,No,No,,,,,,0,,,,,0,0,,,,No,,,,,,,,,
,,"August 12, 2021",Thursday,6.5,72,No,No,No,No,No,,,,,,0,1,30,8,0,8,1.5,,,,No,,,,,,,,,
03  Aug,Aug 2 - Aug 8 (https://www.notion.so/Aug-2-Aug-8-925dbb9c0e2c442dbf2a4dfbdffc0c2a?pvs=21),"August 3, 2021",Tuesday,7.5,73.55,Yes,No,No,No,No,,,,,,0,1,0,8,30,8.5,1,,,,No,,,,,,How am i feeling today? (https://www.notion.so/How-am-i-feeling-today-b8d9b5e58b774bd9823edd2c1c7becc2?pvs=21),,,
01 August,Jul 26 -  Aug 01 (https://www.notion.so/Jul-26-Aug-01-ded156a319e94b9fb06b6404931988d0?pvs=21),"August 1, 2021",Sunday,7,72.3,No,No,No,No,No,,,,,,0,0,30,7,30,7.5,0.5,,,,No,,,,,,Breakfast? (https://www.notion.so/Breakfast-9699ef3c4b044c81a936bd3ffb0fef61?pvs=21),,,
31 Jul,Jul 26 -  Aug 01 (https://www.notion.so/Jul-26-Aug-01-ded156a319e94b9fb06b6404931988d0?pvs=21),"July 31, 2021",Saturday,0,73.1,Yes,No,No,No,No,,,,,,0,,,,,0,0,,,,No,,,,,,July Almost Over (https://www.notion.so/July-Almost-Over-d958eebeeed743419e09672bbe48e659?pvs=21),,,
30 Jul,Jul 26 -  Aug 01 (https://www.notion.so/Jul-26-Aug-01-ded156a319e94b9fb06b6404931988d0?pvs=21),"July 30, 2021",Friday,8,74.1,Yes,No,No,No,No,,,,,,0,0,30,8,30,8.5,0.5,,,,No,,,,,,Feeling a bit better today (https://www.notion.so/Feeling-a-bit-better-today-7de2c79f66f8420fba59beca4509f8ca?pvs=21),,,
29 Jul,Jul 26 -  Aug 01 (https://www.notion.so/Jul-26-Aug-01-ded156a319e94b9fb06b6404931988d0?pvs=21),"July 29, 2021",Thursday,0,75,Yes,Yes,No,No,No,,,,,,0,,,,,0,0,,,,No,,,,,,This is it (https://www.notion.so/This-is-it-aae7ad7590354585a71da4cb89bd957a?pvs=21),,,
,Jul 26 -  Aug 01 (https://www.notion.so/Jul-26-Aug-01-ded156a319e94b9fb06b6404931988d0?pvs=21),"July 28, 2021",Wednesday,0,76.4,No,No,Yes,No,No,,,,,,0,,,,,0,0,,,,No,,,,,,It really has to start today (https://www.notion.so/It-really-has-to-start-today-72f2fbc8bafc4fe7896cacd507d6ed36?pvs=21),,,
27 Jul,Jul 26 -  Aug 01 (https://www.notion.so/Jul-26-Aug-01-ded156a319e94b9fb06b6404931988d0?pvs=21),"July 27, 2021",Tuesday,0,76.15,Yes,No,No,No,No,,,,,,0,,,,,0,0,,,,No,,,,,,Stop eating!!! (https://www.notion.so/Stop-eating-3555455b693a4c59ba9e48eee2824e96?pvs=21),,,
26 Jul,Jul 26 -  Aug 01 (https://www.notion.so/Jul-26-Aug-01-ded156a319e94b9fb06b6404931988d0?pvs=21),"July 26, 2021",Monday,0,76.15,No,No,No,No,No,,,,,,0,,,,,0,0,,,,No,,,,,,Stop throwing your life away! (https://www.notion.so/Stop-throwing-your-life-away-f6efa42747444d5aadfa98e2e05a3cd5?pvs=21),,,
24 Jul,,"July 24, 2021",Saturday,0,74.9,No,No,No,No,No,,,,,,0,,,,,0,0,,,,No,,,,,,"Going to have to push back fast 2 days (https://www.notion.so/Going-to-have-to-push-back-fast-2-days-de75453e34bb41209f1cee45ffb57855?pvs=21), Not worth it (https://www.notion.so/Not-worth-it-3b01e5cdfafc48f68c2dc5645f9ee193?pvs=21)",,,
23 July,Jul 19  - 25 (https://www.notion.so/Jul-19-25-e5f91191c7354be8afc40c6ea037302f?pvs=21),"July 23, 2021",Friday,8.75,73.75,Yes,No,Yes,No,No,,,,,,0,0,0,8,45,8.75,0,,,,No,,,,,,23 July (https://www.notion.so/23-July-980f92ef571f4463a6f5e3519d102b8f?pvs=21),,,
22 Jul,Jul 19  - 25 (https://www.notion.so/Jul-19-25-e5f91191c7354be8afc40c6ea037302f?pvs=21),"July 22, 2021",Thursday,6.75,74.65,Yes,No,Yes,No,No,,,,,,0,2,15,9,,9,2.25,,,,No,,,,,,,,,
21 Jul,,"July 21, 2021",Wednesday,0,74.4,No,No,No,No,No,,,,,,0,,,,,0,0,,,,No,,,,,,,,,
20 Jul,Jul 19  - 25 (https://www.notion.so/Jul-19-25-e5f91191c7354be8afc40c6ea037302f?pvs=21),"July 20, 2021",Tuesday,0,74.8,No,No,No,No,No,,,,,,0,,,,,0,0,,,,No,,,,,,20 Jul 2021 (https://www.notion.so/20-Jul-2021-11870851363d4cc29b4d46d56da8cf3b?pvs=21),,,
18 Jul,Jul 12 - 18 (https://www.notion.so/Jul-12-18-38f32dd37ef8445c801e971b1c0114e0?pvs=21),"July 18, 2021",Sunday,0,73,Yes,No,Yes,No,No,,,,,,0,,,,,0,0,,,,No,,21.9%,,,,,,,
17 Jul,Jul 12 - 18 (https://www.notion.so/Jul-12-18-38f32dd37ef8445c801e971b1c0114e0?pvs=21),"July 17, 2021",Saturday,0,72.8,Yes,No,Yes,Yes,No,,,,,,0,,,,,0,0,,,,No,,,,,,,,,
16 Jul,Jul 12 - 18 (https://www.notion.so/Jul-12-18-38f32dd37ef8445c801e971b1c0114e0?pvs=21),"July 16, 2021",Friday,0,72.1,Yes,No,Yes,Yes,No,,,,,,0,,,,,0,0,,,,No,,21.5%,43.3%,,24.4,,,,
15 Jul,Jul 12 - 18 (https://www.notion.so/Jul-12-18-38f32dd37ef8445c801e971b1c0114e0?pvs=21),"July 15, 2021",Thursday,8.33,73.3,Yes,No,Yes,Yes,No,,,,,,0,0,50,9,10,9.166666666667,0.833333333333,,,,No,,,,,,,,,
14 Jul,Jul 12 - 18 (https://www.notion.so/Jul-12-18-38f32dd37ef8445c801e971b1c0114e0?pvs=21),"July 14, 2021",Wednesday,0,75,No,No,Yes,No,No,0,,,,,0,,,,,0,0,,,,No,,,,,,,,,
10 Jul,,"July 10, 2021",Saturday,0,74.3,No,No,No,No,No,,,,,,0,,,,,0,0,,,,No,,,,,,,,,
09 July,,"July 9, 2021",Friday,9,73.7,No,No,No,No,No,,,,,,0,0,0,9,0,9,0,,,,No,,,,,,,,,
07 Jul,,"July 7, 2021",Wednesday,0,74.1,No,No,No,No,No,,,,,,0,,,,,0,0,,,,No,,,,,,,,,
06 Jul,,"July 6, 2021",Tuesday,0,74.6,No,No,No,No,No,,,,,,0,,,,,0,0,,,,No,,,,,,,,,
05 Jul,,"July 5, 2021",Monday,8,74.8,No,No,No,No,No,,,,,,0,1,30,9,30,9.5,1.5,,,,No,Daily%20Tracking%2018b4c69ec330443bb910f1ce8bd0f37a/CDFC9ABC-DA47-48E6-92D5-DBCC253BEF57.jpeg,,,,,,,,
03 Jul,Jun 28 - Jul 04 (https://www.notion.so/Jun-28-Jul-04-99104684d3c146b88b29a96decd28dc4?pvs=21),"July 3, 2021",Saturday,7.75,73.8,Yes,No,No,No,No,,,,,,0,0,30,8,15,8.25,0.5,,,,No,,,,,,,,,
02 Jun,Jun 28 - Jul 04 (https://www.notion.so/Jun-28-Jul-04-99104684d3c146b88b29a96decd28dc4?pvs=21),"July 2, 2021",Friday,8.75,72.85,Yes,No,No,No,No,,,,,,0,0,0,8,45,8.75,0,,,,No,,,,,,,,,
Jun 29,Jun 28 - Jul 04 (https://www.notion.so/Jun-28-Jul-04-99104684d3c146b88b29a96decd28dc4?pvs=21),"June 29, 2021",Tuesday,8,72.3,Yes,No,No,No,No,,,,,,0,0,0,8,0,8,0,,,,No,,,,,,,,,
28 Jun,Jun 28 - Jul 04 (https://www.notion.so/Jun-28-Jul-04-99104684d3c146b88b29a96decd28dc4?pvs=21),"June 28, 2021",Monday,8.08,73.3,No,No,No,No,No,,,,,,0,0,0,8,5,8.083333333333,0,,,,No,,,,,,,,,
27 Jun,21 - 27 Jun (https://www.notion.so/21-27-Jun-5c64e5219bcf49f9b479d589b609fd42?pvs=21),"June 27, 2021",Sunday,5,71.1,Yes,No,Yes,No,No,4200,,,,,4200,0,15,5,15,5.25,0.25,,,Weekly,No,,20.8%,43.6%,,24,,,,
26 Jun,21 - 27 Jun (https://www.notion.so/21-27-Jun-5c64e5219bcf49f9b479d589b609fd42?pvs=21),"June 26, 2021",Saturday,0,71.8,Yes,No,No,No,No,,,,,,0,,,,,0,0,,,,No,Daily%20Tracking%2018b4c69ec330443bb910f1ce8bd0f37a/E8E49F22-7A46-4346-B151-103ACD74B3DE.jpeg,21.2%,43.4%,,24.2,,,,
25 Jun,21 - 27 Jun (https://www.notion.so/21-27-Jun-5c64e5219bcf49f9b479d589b609fd42?pvs=21),"June 25, 2021",Friday,6.75,72.4,Yes,No,Yes,No,No,2341,,,,,2341,0,45,7,30,7.5,0.75,,,,No,,21.6%,43.3%,,24.4,,,,
24 Jun,21 - 27 Jun (https://www.notion.so/21-27-Jun-5c64e5219bcf49f9b479d589b609fd42?pvs=21),"June 24, 2021",Thursday,0,72.7,No,No,Yes,No,No,1873,,,,,1873,,,,,0,0,,,,No,,21.8%,,,24.6,,,,
23 Jun,21 - 27 Jun (https://www.notion.so/21-27-Jun-5c64e5219bcf49f9b479d589b609fd42?pvs=21),"June 23, 2021",Wednesday,0,73.2,No,No,Yes,No,No,,,,,,0,,,,,0,0,,,,No,,,,,,,,,
22 Jun,21 - 27 Jun (https://www.notion.so/21-27-Jun-5c64e5219bcf49f9b479d589b609fd42?pvs=21),"June 22, 2021",Tuesday,0,72.4,No,No,Yes,No,No,3500,,,,,3500,,,,,0,0,,,,No,,,,,,,,,
18 Jun,,"June 18, 2021",Friday,0,70.4,No,No,Yes,No,No,,,,,,0,,,,,0,0,,,,No,,,,,,,,,
17 Jun,,"June 17, 2021",Thursday,0,,Yes,No,Yes,Yes,No,1774,,,,,1774,,,,,0,0,,,,No,,,,,,,,,
16 Jun,"Untitled (https://www.notion.so/8cc80c16959c4bce81447331a23ac210?pvs=21), 14 -20 Jun (https://www.notion.so/14-20-Jun-7b1babb7f2e24a13bd85c19a59831e31?pvs=21)","June 16, 2021",Wednesday,0,,Yes,No,Yes,No,No,1800,,,,,1800,,,,,0,0,,,,No,,,,,,,,,
10 Jun,,"June 10, 2021",Thursday,0,72.5,No,No,No,No,No,,,,,,0,,,,,0,0,,,,No,,,,,,,,,
07 Jun,Jun 07 - 13 (https://www.notion.so/Jun-07-13-4547d313389048278caf148e092818de?pvs=21),"June 7, 2021",Monday,8.65,70.6,Yes,No,Yes,No,No,2500,,,,,2500,2,35,11,14,11.233333333333,2.583333333333,,,,No,,,,,,,,,
,,"June 5, 2021",Saturday,0,73,No,No,No,No,No,,,,,,0,,,,,0,0,,,,No,,22%,,,24.7,,,,
,,"May 29, 2021",Saturday,0,67.2,No,No,No,No,No,,,,,,0,,,,,0,0,,,,No,,18.4%,44.7%,,22.7,,,,
27 May,,"May 27, 2021",Thursday,0,67.7,No,No,No,No,No,,,,,,0,,,,,0,0,,,,No,,18.7%,44.6%,,22.9,,,,
26 May,,"May 26, 2021",Wednesday,7.5,68.1,No,No,No,No,No,,,,,,0,1,30,9,0,9,1.5,,,,No,,19%,44.4%,59.1,23,,,,
25 May,,"May 25, 2021",Tuesday,8.52,67.9,No,No,No,No,No,,,,,,0,1,59,10,30,10.5,1.983333333333,,,,No,,18.8%,44.5%,,22.9,,,,
24 May,,"May 24, 2021",Monday,0,68.87,No,No,No,No,No,,,,,,0,,,,,0,0,,,,No,,19.4%,44.2%,,23.2,,,,
21 May,May 17 - 23 (https://www.notion.so/May-17-23-805f7a7414ca404b95ec053550620a1a?pvs=21),"May 21, 2021",Friday,8,68.35,Yes,No,No,No,No,,,,,,0,0,30,8,30,8.5,0.5,,,,No,,19.1%,44.4%,,23.1,,,,
20 May,,"May 20, 2021",Thursday,0,69.45,No,No,No,No,No,2008,,,,,2008,,,,,0,0,,,,No,,,,,,,,,
19 May,May 17 - 23 (https://www.notion.so/May-17-23-805f7a7414ca404b95ec053550620a1a?pvs=21),"May 19, 2021",Wednesday,7.5,,No,No,No,No,No,1500,,,,,1500,2,20,9,50,9.833333333333,2.333333333333,,,,No,,,,,,,,,
17 May,"Untitled (https://www.notion.so/77ee3b96c40a45c9839ac4f7d0fa944a?pvs=21), Untitled (https://www.notion.so/8e42bdf2d6ea416f88f769da5e814d82?pvs=21), May 17 - 23 (https://www.notion.so/May-17-23-805f7a7414ca404b95ec053550620a1a?pvs=21)","May 17, 2021",Monday,0,70.4,No,No,No,No,No,,,,,,0,,,,,0,0,,,,No,,20.4%,43.8%,,23.8,,,,
,,"May 16, 2021",Sunday,0,69.5,No,No,No,No,No,,,,,,0,,,,,0,0,,,,No,,19.8%,44%,,23.4,,,,
,,"May 15, 2021",Saturday,0,69.7,No,No,No,No,No,,,,,,0,,,,,0,0,,,,No,,20%,44%,,23.5,,,,
14 May,May 10 - 16 (https://www.notion.so/May-10-16-49fa6e5da76f4ca885753def4cec8287?pvs=21),"May 14, 2021",Friday,0,68.35,Yes,No,No,No,No,,,,,,0,,,,,0,0,,,,No,,19.1%,44.4%,,23.1,,,,
14 May,,"May 13, 2021",Thursday,0,68.3,No,No,No,No,No,,,,,,0,,,,,0,0,,,,No,,19.1%,44.4%,,23,,,,
12 May,,"May 12, 2021",Wednesday,7.33,68.35,No,No,No,No,No,,,,,,0,1,0,8,20,8.333333333333,1,,,,No,,19.1%,44.4%,59,23.1,,,,
11 May,,"May 11, 2021",Tuesday,0,68.3,No,No,No,No,No,,,,,,0,,,,,0,0,,,,No,,19.1%,44.4%,59,23.1,,,,
10 May,,"May 10, 2021",Monday,7.75,68.6,No,No,No,No,No,,,,,,0,0,45,8,30,8.5,0.75,,,,No,,19.3%,44.3%,58.8,23.2,,,,
09 May,03 May - 09 May  (https://www.notion.so/03-May-09-May-e9e75151797f45788bbba9f575c18d9e?pvs=21),"May 9, 2021",Sunday,8,68.5,Yes,No,No,No,No,,,,,,0,1,30,9,30,9.5,1.5,,,,No,,19.2%,44.3%,,23.1,,,,
08 May,03 May - 09 May  (https://www.notion.so/03-May-09-May-e9e75151797f45788bbba9f575c18d9e?pvs=21),"May 8, 2021",Saturday,7.75,67.8,Yes,No,No,No,No,4273,Overate After dinner,,,,4273,1,0,8,45,8.75,1,,,,No,,18.7%,44.5%,,22.9,,,,
07 May,03 May - 09 May  (https://www.notion.so/03-May-09-May-e9e75151797f45788bbba9f575c18d9e?pvs=21),"May 7, 2021",Friday,7.5,67.5,Yes,No,No,No,No,2231,,,,,2231,0,30,8,0,8,0.5,,,,No,,18.5%,44.6%,59.4,22.8,,,,
06 May,03 May - 09 May  (https://www.notion.so/03-May-09-May-e9e75151797f45788bbba9f575c18d9e?pvs=21),"May 6, 2021",Thursday,7.67,67.4,Yes,No,Yes,No,No,2139,,,,,2139,1,20,9,0,9,1.333333333333,,,,No,,18.5%,44.7%,59.4,22.7,,,,
05 Mar,03 May - 09 May  (https://www.notion.so/03-May-09-May-e9e75151797f45788bbba9f575c18d9e?pvs=21),"May 5, 2021",Wednesday,7.08,67.75,Yes,No,Yes,No,No,1727,,,,,1727,1,25,8,30,8.5,1.416666666667,,,,No,,18.7%,44.5%,,22.9,,,,
04 May,03 May - 09 May  (https://www.notion.so/03-May-09-May-e9e75151797f45788bbba9f575c18d9e?pvs=21),"May 4, 2021",Tuesday,7.52,68.5,Yes,No,Yes,No,No,1634,,,,,1634,1,8,8,39,8.65,1.133333333333,,,,No,,19.2%,44.3%,58.9,23.1,,,,
03 May,03 May - 09 May  (https://www.notion.so/03-May-09-May-e9e75151797f45788bbba9f575c18d9e?pvs=21),"May 3, 2021",Monday,7.17,68.65,No,No,Yes,No,No,2252,Few too many calories,,,,2252,1,20,8,30,8.5,1.333333333333,,,,No,,19.2%,44.3%,,23.2,,,,
02 May,Apr 26 - May 02 (https://www.notion.so/Apr-26-May-02-3472f00c350443288023b0525f59aed8?pvs=21),"May 2, 2021",Sunday,7.83,68.4,Yes,Yes,Yes,No,No,2009,,,,,2009,1,20,9,10,9.166666666667,1.333333333333,,,Weekly,No,,19.1%,44.4%,59,23.1,,,,
01 May,Apr 26 - May 02 (https://www.notion.so/Apr-26-May-02-3472f00c350443288023b0525f59aed8?pvs=21),"May 1, 2021",Saturday,7.33,68.45,No,No,Yes,No,No,1883,,,,,1883,1,10,8,30,8.5,1.166666666667,,,,No,,19.2%,44.3%,58.9,23.1,,,,
30 Apr,Apr 26 - May 02 (https://www.notion.so/Apr-26-May-02-3472f00c350443288023b0525f59aed8?pvs=21),"April 30, 2021",Friday,7.83,68.4,No,No,Yes,No,No,1789,,,,,1789,1,40,9,30,9.5,1.666666666667,,,,No,,19.1%,44.1%,59,23.1,,,,
29 Apr,Apr 26 - May 02 (https://www.notion.so/Apr-26-May-02-3472f00c350443288023b0525f59aed8?pvs=21),"April 29, 2021",Thursday,7.17,69.5,Yes,No,Yes,Yes,No,1764,,,,,1764,1,20,8,30,8.5,1.333333333333,,,,No,,19.8%,44.4%,58.4,23.4,,,,
28 Apr,Apr 26 - May 02 (https://www.notion.so/Apr-26-May-02-3472f00c350443288023b0525f59aed8?pvs=21),"April 28, 2021",Wednesday,7.92,70.35,Yes,No,Yes,No,No,1342,,,,,1342,2,0,9,55,9.916666666667,2,,,,No,,,,,,,,,
27 Apr,Apr 26 - May 02 (https://www.notion.so/Apr-26-May-02-3472f00c350443288023b0525f59aed8?pvs=21),"April 27, 2021",Tuesday,9.25,70.2,Yes,No,Yes,No,No,3080,,,,,3080,1,0,10,15,10.25,1,,,,No,,,,,,,,,
26 Apr,Apr 26 - May 02 (https://www.notion.so/Apr-26-May-02-3472f00c350443288023b0525f59aed8?pvs=21),"April 26, 2021",Monday,8.67,70.8,Yes,No,Yes,No,No,1769,,,,,1769,0,50,9,30,9.5,0.833333333333,,,,No,,,,,,,,,
25 Apr,Apr  19 - 25 (https://www.notion.so/Apr-19-25-e74b08453f204df8bf433e6b6e4e346b?pvs=21),"April 25, 2021",Sunday,9,71.95,No,No,Yes,No,No,2600,,,,,2600,1,30,10,30,10.5,1.5,,,,No,,,,,,,,,
24 Apr,Apr  19 - 25 (https://www.notion.so/Apr-19-25-e74b08453f204df8bf433e6b6e4e346b?pvs=21),"April 24, 2021",Saturday,6.83,70.4,No,No,No,No,No,4000,,,,,4000,3,10,10,0,10,3.166666666667,,,,No,,,,,,,,,
23 Apr,Apr  19 - 25 (https://www.notion.so/Apr-19-25-e74b08453f204df8bf433e6b6e4e346b?pvs=21),"April 23, 2021",Friday,0,68.9,Yes,No,No,Yes,No,4000,,,,,4000,,,,,0,0,,,,No,,,,,,,,,
22 Apr,Apr  19 - 25 (https://www.notion.so/Apr-19-25-e74b08453f204df8bf433e6b6e4e346b?pvs=21),"April 22, 2021",Thursday,8.5,69.4,Yes,No,No,No,No,4000,,,,,4000,1,25,9,55,9.916666666667,1.416666666667,,,,No,,,,,,,,,
21 Apr,Apr  19 - 25 (https://www.notion.so/Apr-19-25-e74b08453f204df8bf433e6b6e4e346b?pvs=21),"April 21, 2021",Wednesday,8.33,69.8,Yes,No,No,No,No,1568,,,,,1568,1,30,9,50,9.833333333333,1.5,,,,No,,,,,,,,,
20 Apr,Apr  19 - 25 (https://www.notion.so/Apr-19-25-e74b08453f204df8bf433e6b6e4e346b?pvs=21),"April 20, 2021",Tuesday,7.52,71.15,Yes,No,No,No,No,1761,,,,,1761,1,59,9,30,9.5,1.983333333333,,,,No,,,,,,,,,
19 Apr,Apr  19 - 25 (https://www.notion.so/Apr-19-25-e74b08453f204df8bf433e6b6e4e346b?pvs=21),"April 19, 2021",Monday,7,69.7,No,No,No,No,No,4300,,,,,4300,2,0,9,0,9,2,,,,No,,,,,,,,,
18 Apr,Apr 12 - 18 (https://www.notion.so/Apr-12-18-ba92f0beca2849c280761dbed6125bab?pvs=21),"April 18, 2021",Sunday,8,67.7,Yes,No,No,No,No,5000,,,,,5000,1,30,9,30,9.5,1.5,,,Weekly,No,,,,,,,,,
17 Apr,Apr 12 - 18 (https://www.notion.so/Apr-12-18-ba92f0beca2849c280761dbed6125bab?pvs=21),"April 17, 2021",Saturday,7.17,68.05,Yes,No,Yes,No,No,1742,,,,,1742,1,35,8,45,8.75,1.583333333333,,,,No,Daily%20Tracking%2018b4c69ec330443bb910f1ce8bd0f37a/F12B4987-970E-4843-A825-D12AE1F5BEB3.jpeg,,,,,,,,
16 Apr,Apr 12 - 18 (https://www.notion.so/Apr-12-18-ba92f0beca2849c280761dbed6125bab?pvs=21),"April 16, 2021",Friday,7.83,68.5,Yes,No,Yes,No,No,1524,,,,,1524,1,10,9,0,9,1.166666666667,,,,No,,,,,,,,,
15 Apr,Apr 05 - 11 (https://www.notion.so/Apr-05-11-277b8f7aeeea4678920b26a30b318665?pvs=21),"April 15, 2021",Thursday,8.08,69.4,Yes,No,Yes,No,No,1520,,,,,1520,1,35,9,40,9.666666666667,1.583333333333,,,,No,,,,,,,,,
14 Apr,Apr 12 - 18 (https://www.notion.so/Apr-12-18-ba92f0beca2849c280761dbed6125bab?pvs=21),"April 14, 2021",Wednesday,9.33,71.1,No,No,Yes,No,No,1146,,,,,1146,1,40,11,0,11,1.666666666667,,,,No,,,,,,,,,
13 Apr,Apr 12 - 18 (https://www.notion.so/Apr-12-18-ba92f0beca2849c280761dbed6125bab?pvs=21),"April 13, 2021",Tuesday,10.17,70.6,No,No,No,No,No,4000,,,,,4000,1,50,12,0,12,1.833333333333,,,,No,,,,,,,,,
12 Apr,Apr 12 - 18 (https://www.notion.so/Apr-12-18-ba92f0beca2849c280761dbed6125bab?pvs=21),"April 12, 2021",Monday,0,71,No,No,No,No,No,5500,,,,,5500,,,,,0,0,,,,No,,,,,,,,,
11 Apr,Apr 05 - 11 (https://www.notion.so/Apr-05-11-277b8f7aeeea4678920b26a30b318665?pvs=21),"April 11, 2021",Sunday,9.03,70.9,Yes,No,No,No,No,4500,,,,,4500,2,58,12,0,12,2.966666666667,,,,No,,,,,,,,,
10 Apr,Apr 05 - 11 (https://www.notion.so/Apr-05-11-277b8f7aeeea4678920b26a30b318665?pvs=21),"April 10, 2021",Saturday,9.83,68.85,No,No,No,No,No,5000,,,,,5000,1,40,11,30,11.5,1.666666666667,,,,No,,,,,,,,,
09 Apr,Apr 05 - 11 (https://www.notion.so/Apr-05-11-277b8f7aeeea4678920b26a30b318665?pvs=21),"April 9, 2021",Friday,10.25,68.4,Yes,No,Yes,No,No,5000,,,,,5000,0,45,11,0,11,0.75,,,,No,,,,,,,,,
08 Apr,Apr 05 - 11 (https://www.notion.so/Apr-05-11-277b8f7aeeea4678920b26a30b318665?pvs=21),"April 8, 2021",Thursday,8.67,68.4,Yes,No,Yes,No,No,2750,,,,,2750,1,0,9,40,9.666666666667,1,,,,No,,,,,,,,,
07 Apr,Apr 05 - 11 (https://www.notion.so/Apr-05-11-277b8f7aeeea4678920b26a30b318665?pvs=21),"April 7, 2021",Wednesday,9,68.5,Yes,No,Yes,No,No,5231,,,,,5231,-1,45,8,45,8.75,-0.25,,,,No,,,,,,,,,
06 Apr,Apr 05 - 11 (https://www.notion.so/Apr-05-11-277b8f7aeeea4678920b26a30b318665?pvs=21),"April 6, 2021",Tuesday,8.28,69.6,Yes,No,Yes,No,No,2119,,,,,2119,0,13,8,30,8.5,0.216666666667,,,,No,,,,,,,,,
05 Apr,Apr 05 - 11 (https://www.notion.so/Apr-05-11-277b8f7aeeea4678920b26a30b318665?pvs=21),"April 5, 2021",Monday,10,69.1,Yes,No,Yes,No,No,4000,,,,,4000,0,0,10,,10,0,,,,No,,,,,,,,,
03 Apr,Mar 29  - Apr 04 (https://www.notion.so/Mar-29-Apr-04-b6d76246643948e39c9e050443146ff5?pvs=21),"April 3, 2021",Saturday,7.33,68.7,Yes,No,Yes,No,No,3700,,,,,3700,2,10,9,30,9.5,2.166666666667,,,,No,,,,,,,,,
02 Apr,Mar 29  - Apr 04 (https://www.notion.so/Mar-29-Apr-04-b6d76246643948e39c9e050443146ff5?pvs=21),"April 2, 2021",Friday,7.58,67.75,Yes,No,Yes,No,No,2719,,,,,2719,0,55,8,30,8.5,0.916666666667,,,,No,,,,,,,,,
01 Apr,Mar 29  - Apr 04 (https://www.notion.so/Mar-29-Apr-04-b6d76246643948e39c9e050443146ff5?pvs=21),"April 1, 2021",Thursday,7.5,68.75,Yes,No,Yes,No,No,2058,,,,,2058,1,0,8,30,8.5,1,,,,No,,,,,,,,,
31 Mar,Mar 29  - Apr 04 (https://www.notion.so/Mar-29-Apr-04-b6d76246643948e39c9e050443146ff5?pvs=21),"March 31, 2021",Wednesday,0,69.1,Yes,No,Yes,No,No,1805,,,,,1805,,,,,0,0,,,,No,,,,,,,,,
30 Mar,Mar 29  - Apr 04 (https://www.notion.so/Mar-29-Apr-04-b6d76246643948e39c9e050443146ff5?pvs=21),"March 30, 2021",Tuesday,8.05,68.2,Yes,No,Yes,No,No,2136,,,,,2136,0,47,8,50,8.833333333333,0.783333333333,,,,No,,,,,,,,,
29 Mar,Mar 29  - Apr 04 (https://www.notion.so/Mar-29-Apr-04-b6d76246643948e39c9e050443146ff5?pvs=21),"March 29, 2021",Monday,8.58,70.6,No,No,Yes,No,No,1610,,,,,1610,1,45,10,20,10.333333333333,1.75,,,Weekly,No,,,,,,,,,
28 Mar,Mar 22 - 28 (https://www.notion.so/Mar-22-28-e7e5d2374786437480f2c3879ec3b31a?pvs=21),"March 28, 2021",Sunday,10,68.35,No,No,No,No,No,3800,,,,,3800,1,0,11,0,11,1,,,,No,,,,,,,,,
27 Mar,Mar 22 - 28 (https://www.notion.so/Mar-22-28-e7e5d2374786437480f2c3879ec3b31a?pvs=21),"March 27, 2021",Saturday,8.17,68.5,Yes,No,Yes,No,No,3230,,,,,3230,0,45,8,55,8.916666666667,0.75,,,,No,,,,,,,,,
26 Mar,Mar 22 - 28 (https://www.notion.so/Mar-22-28-e7e5d2374786437480f2c3879ec3b31a?pvs=21),"March 26, 2021",Friday,7.58,68.6,Yes,Yes,Yes,No,No,1895,,,,,1895,0,55,8,30,8.5,0.916666666667,,,,No,,,,,,,,,
25 Mar,Mar 22 - 28 (https://www.notion.so/Mar-22-28-e7e5d2374786437480f2c3879ec3b31a?pvs=21),"March 25, 2021",Thursday,6.58,,Yes,No,No,No,No,2111,,,,,2111,1,30,8,5,8.083333333333,1.5,,,,No,,,,,,,,,
24 Mar,Mar 22 - 28 (https://www.notion.so/Mar-22-28-e7e5d2374786437480f2c3879ec3b31a?pvs=21),"March 24, 2021",Wednesday,8.22,,Yes,No,Yes,No,No,1496,,,,,1496,0,25,8,38,8.633333333333,0.416666666667,,,,No,,,,,,,,,
23 Mar,Mar 22 - 28 (https://www.notion.so/Mar-22-28-e7e5d2374786437480f2c3879ec3b31a?pvs=21),"March 23, 2021",Tuesday,8.08,,No,No,Yes,No,No,2050,,,,,2050,0,30,8,35,8.583333333333,0.5,,,,No,,,,,,,,,
22 Mar,Mar 22 - 28 (https://www.notion.so/Mar-22-28-e7e5d2374786437480f2c3879ec3b31a?pvs=21),"March 22, 2021",Monday,0,,No,No,Yes,No,No,1876,,,,,1876,,,,,0,0,,,,No,,,,,,,,,
21 Mar,Mar 15 - 21 (https://www.notion.so/Mar-15-21-3bfd6a6877ba4d7a9f60c3b2b2c52ee9?pvs=21),"March 21, 2021",Sunday,10.5,,No,No,No,No,No,2725,,,,,2725,1,0,11,30,11.5,1,,,,No,,,,,,,,,
20 Mar,Mar 15 - 21 (https://www.notion.so/Mar-15-21-3bfd6a6877ba4d7a9f60c3b2b2c52ee9?pvs=21),"March 20, 2021",Saturday,7.75,,No,No,Yes,No,No,3128,,,,,3128,1,0,8,45,8.75,1,,,,No,,,,,,,,,
19 Mar,Mar 15 - 21 (https://www.notion.so/Mar-15-21-3bfd6a6877ba4d7a9f60c3b2b2c52ee9?pvs=21),"March 19, 2021",Friday,7.67,,No,No,No,No,No,1760,,,,,1760,1,0,8,40,8.666666666667,1,,,,No,,,,,,,,,
18 Mar,Mar 15 - 21 (https://www.notion.so/Mar-15-21-3bfd6a6877ba4d7a9f60c3b2b2c52ee9?pvs=21),"March 18, 2021",Thursday,7.92,66.6,Yes,Yes,Yes,No,No,1824,,,,,1824,0,45,8,40,8.666666666667,0.75,,,,No,,,,,,,,,
17 Mar,Mar 15 - 21 (https://www.notion.so/Mar-15-21-3bfd6a6877ba4d7a9f60c3b2b2c52ee9?pvs=21),"March 17, 2021",Wednesday,7.92,68.5,Yes,Yes,No,No,No,1422,,,,,1422,0,45,8,40,8.666666666667,0.75,,,,No,,,,,,,,,
16 Mar,Mar 15 - 21 (https://www.notion.so/Mar-15-21-3bfd6a6877ba4d7a9f60c3b2b2c52ee9?pvs=21),"March 16, 2021",Tuesday,7.67,69.3,Yes,Yes,Yes,No,No,1379,,,,,1379,0,30,8,10,8.166666666667,0.5,,,,No,,,,,,,,,
15 Mar,Mar 15 - 21 (https://www.notion.so/Mar-15-21-3bfd6a6877ba4d7a9f60c3b2b2c52ee9?pvs=21),"March 15, 2021",Monday,8.5,69.6,No,No,Yes,No,No,1876,,,,,1876,0,15,8,45,8.75,0.25,,,,No,,,,,,,,,
14 Mar,Mar 08 - 14 (https://www.notion.so/Mar-08-14-825d0dd8fb754095af04b26bf7838693?pvs=21),"March 14, 2021",Sunday,7.83,68.55,No,No,Yes,No,Yes,2033,,,,,2033,1,0,8,50,8.833333333333,1,,,Weekly,No,,,,,,,,,
13 Mar,Mar 08 - 14 (https://www.notion.so/Mar-08-14-825d0dd8fb754095af04b26bf7838693?pvs=21),"March 13, 2021",Saturday,8,68.8,No,No,Yes,No,No,2286,,,,,2286,1,30,9,30,9.5,1.5,,,,No,,,,,,,,,
12 Mar,Mar 08 - 14 (https://www.notion.so/Mar-08-14-825d0dd8fb754095af04b26bf7838693?pvs=21),"March 12, 2021",Friday,7.75,68.8,Yes,No,Yes,No,No,2950,,,,,2950,1,30,9,15,9.25,1.5,,,,No,,,,,,,,,
11 Mar,Mar 08 - 14 (https://www.notion.so/Mar-08-14-825d0dd8fb754095af04b26bf7838693?pvs=21),"March 11, 2021",Thursday,7.67,68.3,Yes,Yes,Yes,No,No,1600,,,,,1600,1,30,9,10,9.166666666667,1.5,,,,No,,,,,,,,,
10 Mar,Mar 08 - 14 (https://www.notion.so/Mar-08-14-825d0dd8fb754095af04b26bf7838693?pvs=21),"March 10, 2021",Wednesday,6.75,69.3,Yes,Yes,Yes,No,No,1636,,,,,1636,2,0,8,45,8.75,2,,,,No,,,,,,,,,
09 Mar,Mar 08 - 14 (https://www.notion.so/Mar-08-14-825d0dd8fb754095af04b26bf7838693?pvs=21),"March 9, 2021",Tuesday,7.5,68.8,Yes,No,Yes,Yes,No,2423,,,,,2423,1,45,9,15,9.25,1.75,,,,No,,,,,,,,,
08 Mar,Mar 08 - 14 (https://www.notion.so/Mar-08-14-825d0dd8fb754095af04b26bf7838693?pvs=21),"March 8, 2021",Monday,7.42,69.3,Yes,No,Yes,Yes,No,2145,,,,,2145,2,20,9,45,9.75,2.333333333333,,,,No,,,,,,,,,
07 Mar,Mar 01 - 07 (https://www.notion.so/Mar-01-07-5befca87e55644a18b9fe873a87c249e?pvs=21),"March 7, 2021",Sunday,8.28,69.4,Yes,Yes,Yes,No,No,2231,Slow to get started on tasks,,,,2231,2,23,10,40,10.666666666667,2.383333333333,,,Weekly,No,,,,,,,,,
06 Mar,Mar 01 - 07 (https://www.notion.so/Mar-01-07-5befca87e55644a18b9fe873a87c249e?pvs=21),"March 6, 2021",Saturday,8,69.2,Yes,No,Yes,No,Yes,2347,,,,,2347,2,30,10,30,10.5,2.5,,,,No,,,,,,,,,
Mar 05,Mar 01 - 07 (https://www.notion.so/Mar-01-07-5befca87e55644a18b9fe873a87c249e?pvs=21),"March 5, 2021",Friday,8.25,69.8,Yes,Yes,Yes,No,No,1750,,,,,1750,1,15,9,30,9.5,1.25,,,,No,,,,,,,,,
04 Mar,Mar 01 - 07 (https://www.notion.so/Mar-01-07-5befca87e55644a18b9fe873a87c249e?pvs=21),"March 4, 2021",Thursday,9.17,70.1,Yes,Yes,Yes,Yes,Yes,1641,Consistency is king,,,,1641,1,50,11,0,11,1.833333333333,,,,No,,,,,,,,,
03 Mar,Mar 01 - 07 (https://www.notion.so/Mar-01-07-5befca87e55644a18b9fe873a87c249e?pvs=21),"March 3, 2021",Wednesday,8.08,70.3,Yes,No,Yes,No,No,1880,,,,,1880,1,30,9,35,9.583333333333,1.5,,,Monthly,No,,,,,,,,,
02 Mar,Mar 01 - 07 (https://www.notion.so/Mar-01-07-5befca87e55644a18b9fe873a87c249e?pvs=21),"March 2, 2021",Tuesday,7.33,71,Yes,No,Yes,No,No,2800,,,,,2800,2,20,9,40,9.666666666667,2.333333333333,,,,No,,,,,,,,,
01 Mar,Mar 01 - 07 (https://www.notion.so/Mar-01-07-5befca87e55644a18b9fe873a87c249e?pvs=21),"March 1, 2021",Monday,6.92,70.6,Yes,No,Yes,Yes,No,2400,,,,,2400,2,15,9,10,9.166666666667,2.25,,,,No,,,,,,,,,
28 Feb,Feb 22 - 28 (https://www.notion.so/Feb-22-28-57dde5f7a40345619cce54b430a9c981?pvs=21),"February 28, 2021",Sunday,7.42,70.7,Yes,No,Yes,Yes,No,1933,,,,,1933,1,45,9,10,9.166666666667,1.75,,,Weekly,No,,,,,,,,,
27 Feb,Feb 22 - 28 (https://www.notion.so/Feb-22-28-57dde5f7a40345619cce54b430a9c981?pvs=21),"February 27, 2021",Saturday,8.6,70.8,Yes,No,Yes,No,No,2115,,,,,2115,0,59,9,35,9.583333333333,0.983333333333,,,,No,,,,,,,,,
26 Feb,Feb 22 - 28 (https://www.notion.so/Feb-22-28-57dde5f7a40345619cce54b430a9c981?pvs=21),"February 26, 2021",Friday,8.8,70.8,Yes,No,Yes,No,No,2600,,,,,2600,0,50,9,38,9.633333333333,0.833333333333,,,,No,,,,,,,,,
25 Feb,Feb 22 - 28 (https://www.notion.so/Feb-22-28-57dde5f7a40345619cce54b430a9c981?pvs=21),"February 25, 2021",Thursday,6.08,69.8,Yes,No,Yes,No,No,2100,,,,,2100,2,45,8,50,8.833333333333,2.75,,,,No,,,,,,,,,
24 Feb,Feb 22 - 28 (https://www.notion.so/Feb-22-28-57dde5f7a40345619cce54b430a9c981?pvs=21),"February 24, 2021",Wednesday,8.17,71.55,Yes,Yes,Yes,Yes,No,2100,,,,,2100,1,10,9,20,9.333333333333,1.166666666667,,,,No,,,,,,,,,
23 Feb,Feb 22 - 28 (https://www.notion.so/Feb-22-28-57dde5f7a40345619cce54b430a9c981?pvs=21),"February 23, 2021",Tuesday,7.92,71.9,Yes,Yes,Yes,Yes,No,1781,,,,,1781,1,35,9,30,9.5,1.583333333333,,,,No,,,,,,,,,
22 Feb,Feb 22 - 28 (https://www.notion.so/Feb-22-28-57dde5f7a40345619cce54b430a9c981?pvs=21),"February 22, 2021",Monday,8.25,72.5,Yes,Yes,Yes,No,Yes,2150,,,,,2150,1,30,9,45,9.75,1.5,,,Weekly,No,,,,,,,,,
21 Feb,Feb 15 - 21 (https://www.notion.so/Feb-15-21-1af69dc042a6467bb5b58b5de73cf1da?pvs=21),"February 21, 2021",Sunday,7.5,72.1,Yes,No,Yes,Yes,No,2200,,,,,2200,2,30,10,,10,2.5,,,,No,,,,,,,,,
20 Feb,Feb 15 - 21 (https://www.notion.so/Feb-15-21-1af69dc042a6467bb5b58b5de73cf1da?pvs=21),"February 20, 2021",Saturday,8.37,71.2,Yes,Yes,Yes,No,No,2900,No snacking after dinner,,,,2900,1,38,10,0,10,1.633333333333,,,,No,,,,,,,,,
19 Feb,Feb 15 - 21 (https://www.notion.so/Feb-15-21-1af69dc042a6467bb5b58b5de73cf1da?pvs=21),"February 19, 2021",Friday,7.95,71.2,Yes,Yes,Yes,No,No,2790,No night eating,,,,2790,2,3,10,0,10,2.05,,,,No,,,,,,,,,
18 Feb,Feb 15 - 21 (https://www.notion.so/Feb-15-21-1af69dc042a6467bb5b58b5de73cf1da?pvs=21),"February 18, 2021",Thursday,7.75,71.3,No,No,Yes,No,No,1717,,,,,1717,2,0,9,45,9.75,2,,,,No,,,,,,,,,
17 Feb,Feb 15 - 21 (https://www.notion.so/Feb-15-21-1af69dc042a6467bb5b58b5de73cf1da?pvs=21),"February 17, 2021",Wednesday,8,72.5,Yes,Yes,Yes,Yes,Yes,1600,Clearer tasks and follow thru,,,,1600,3,0,11,0,11,3,,,,Yes,,,,,,,,,
16 Feb,Feb 15 - 21 (https://www.notion.so/Feb-15-21-1af69dc042a6467bb5b58b5de73cf1da?pvs=21),"February 16, 2021",Tuesday,11.5,71.9,No,No,Yes,Yes,No,1400,,,,,1400,3,30,15,0,15,3.5,,,,No,,,,,,,,,
15 Feb,Feb 15 - 21 (https://www.notion.so/Feb-15-21-1af69dc042a6467bb5b58b5de73cf1da?pvs=21),"February 15, 2021",Monday,4.25,72.3,Yes,Yes,Yes,Yes,No,3600,,,,,3600,2,45,7,0,7,2.75,,,,No,,,,,,,,,
14 Feb,Feb 08 - 14 (https://www.notion.so/Feb-08-14-4525eed3110345a9befe9a4627f3dc24?pvs=21),"February 14, 2021",Sunday,10.63,71.3,Yes,No,No,No,Yes,2200,Trying to mske up for yesterday with better food,,,,2200,3,22,14,0,14,3.366666666667,,,Weekly,No,,,,,,,,,
13 Feb,Feb 08 - 14 (https://www.notion.so/Feb-08-14-4525eed3110345a9befe9a4627f3dc24?pvs=21),"February 13, 2021",Saturday,8.25,70.5,Yes,Yes,Yes,No,No,3595,"I got meat takeaway, mum ordered because I asked for it and kept changing my mind. If something causes this much conflict and pain it’s best avoiding completely",,,,3595,2,45,11,0,11,2.75,,,,No,,,,,,,,,
12 Feb,Feb 08 - 14 (https://www.notion.so/Feb-08-14-4525eed3110345a9befe9a4627f3dc24?pvs=21),"February 12, 2021",Friday,7.5,69.9,Yes,Yes,Yes,Yes,Yes,1730,"Was hungry so I listened to my body and ate a reasonable lunch, Listen to body!",,,,1730,2,0,9,30,9.5,2,,,,No,,,,,,,,,
11 Feb,Feb 08 - 14 (https://www.notion.so/Feb-08-14-4525eed3110345a9befe9a4627f3dc24?pvs=21),"February 11, 2021",Thursday,9,70,Yes,Yes,Yes,Yes,Yes,1600,Some afternoon anxiety probably due to caffiene,,,1600,0,3,0,12,0,12,3,,,,No,,,,,,,,,
10 Feb,Feb 08 - 14 (https://www.notion.so/Feb-08-14-4525eed3110345a9befe9a4627f3dc24?pvs=21),"February 10, 2021",Wednesday,8.75,71.2,Yes,Yes,Yes,Yes,Yes,2090,Made up for late binging last night with only Huel today.,,,1700,390,2,20,11,5,11.083333333333,2.333333333333,,,,No,,,,,,,,,
09 Feb,Feb 08 - 14 (https://www.notion.so/Feb-08-14-4525eed3110345a9befe9a4627f3dc24?pvs=21),"February 9, 2021",Tuesday,9.95,71.2,Yes,Yes,Yes,Yes,Yes,1899,Late night eating,,,1700,199,1,23,11,20,11.333333333333,1.383333333333,,,,No,,,,,,,,,
08 Feb,Feb 08 - 14 (https://www.notion.so/Feb-08-14-4525eed3110345a9befe9a4627f3dc24?pvs=21),"February 8, 2021",Monday,8,71.8,Yes,Yes,Yes,No,No,1790,,,,1550,240,2,0,10,0,10,2,,,,No,,,,,,,,,
07 Feb,Feb 01 - 07 (https://www.notion.so/Feb-01-07-56d8cdd2c6104c96bc3f8365cc598bdf?pvs=21),"February 7, 2021",Sunday,12,72.4,Yes,Yes,No,No,Yes,1741,,,,1400,341,11,30,23,30,23.5,11.5,,,,No,,,,,,,,,
04 Feb,Feb 01 - 07 (https://www.notion.so/Feb-01-07-56d8cdd2c6104c96bc3f8365cc598bdf?pvs=21),"February 4, 2021",Thursday,8.67,70.9,Yes,No,Yes,No,No,,,,,,0,2,50,11,30,11.5,2.833333333333,,,,No,,,,,,,,,
03 Feb,Feb 01 - 07 (https://www.notion.so/Feb-01-07-56d8cdd2c6104c96bc3f8365cc598bdf?pvs=21),"February 3, 2021",Wednesday,11.45,,Yes,No,Yes,No,No,,,,,,0,2,45,14,12,14.2,2.75,,,,No,,,,,,,,,
02 Feb,Feb 01 - 07 (https://www.notion.so/Feb-01-07-56d8cdd2c6104c96bc3f8365cc598bdf?pvs=21),"February 2, 2021",Tuesday,10,70.8,Yes,No,Yes,Yes,No,,,,,,0,1,45,11,45,11.75,1.75,,,,No,,,,,,,,,
01 Feb,Feb 01 - 07 (https://www.notion.so/Feb-01-07-56d8cdd2c6104c96bc3f8365cc598bdf?pvs=21),"February 1, 2021",Monday,10.28,72.4,No,No,Yes,Yes,Yes,1900,Now its really time to get back on the program,,,1600,300,4,38,14,55,14.916666666667,4.633333333333,50%,50%,,No,,,,,,,,,
29 Jan,,"January 29, 2021",Friday,0,71.4,No,No,Yes,No,No,530,,,,1600,-1070,,,,,0,0,,,,No,,,,,,,,,
28 Jan,,"January 28, 2021",Thursday,0,70.3,No,No,Yes,No,No,3300,Cant believe I let slip so much after doing so well,,,1600,1700,,,,,0,0,,,,No,,,,,,,,,
27 Jan,,"January 27, 2021",Wednesday,0,69.6,No,No,Yes,No,No,3300,,,,1600,1700,,,,,0,0,,,,No,,,,,,,,,
26 Jan,,"January 26, 2021",Tuesday,0,70,No,No,Yes,No,No,1600,,,,1600,0,,,,,0,0,,,,No,,,,,,,,,
24 Jan,,"January 24, 2021",Sunday,0,70.1,No,No,Yes,No,No,,,,1.3,,0,,,,,0,0,,,,No,,,,,,,,,
23 Jan,,"January 23, 2021",Saturday,0,71.2,No,No,Yes,No,No,,,,,,0,,,,,0,0,,,,No,,,,,,,,,
21 Jan,,"January 21, 2021",Thursday,0,70.6,No,No,No,No,No,,,,,,0,,,,,0,0,,,,No,,,,,,,,,
20 Jan,,"January 20, 2021",Wednesday,0,69.7,No,No,No,No,No,,"It was a stresful day with finishing a deadline, long hours working lead to under eating then a backlash crisps/flapjack binge. I can sort it out my doing well today",,3,,0,,,,,0,0,,,,No,,,,,,,,,
18 Jan,,"January 18, 2021",Monday,0,70.4,No,No,No,No,No,,,,,,0,,,,,0,0,,,,No,,,,,,,,,
16 Jan,,"January 16, 2021",Saturday,0,71.8,No,No,Yes,No,No,,,,,,0,,,,,0,0,,,,No,,,,,,,,,
"15 Jan ",,"January 15, 2021",Friday,0,71.8,No,No,Yes,No,No,,,,3,,0,,,,,0,0,,,,No,,,,,,,,,
14 Jan,,"January 14, 2021",Thursday,0,70.8,No,No,Yes,No,No,,,,3.5,,0,,,,,0,0,,,,No,,,,,,,,,
10 Jan,,"January 10, 2021",Sunday,0,71.1,No,No,No,No,No,,,,1.4,,0,,,,,0,0,,,,No,,,,,,,,,
09 Jan,,"January 9, 2021",Saturday,0,71.5,No,No,Yes,No,No,,,,,,0,,,,,0,0,,,,No,,,,,,,,,
8Jan,,"January 8, 2021",Friday,0,71.3,No,No,Yes,No,No,,,,,,0,,,,,0,0,,,,No,,,,,,,,,
02 Jan,,"January 2, 2021",Saturday,0,73.4,No,No,Yes,No,No,,,,,,0,,,,,0,0,,,,No,,,,,,,,,
01 Jan,,"January 1, 2021",Friday,0,72.6,No,No,Yes,No,No,,,,3.8,,0,,,,,0,0,,,,No,,,,,,,,,
Dec 31,,"December 31, 2020",Thursday,0,70.8,No,No,Yes,No,No,,,,4,,0,,,,,0,0,,,,No,,,,,,,,,
Dec 30,,"December 30, 2020",Wednesday,0,71.1,No,No,Yes,No,No,,,,2.8,,0,,,,,0,0,,,,No,,,,,,,,,
,,"December 29, 2020",Tuesday,0,70.7,No,No,Yes,No,No,,,,2.3,,0,,,,,0,0,,,,No,,,,,,,,,
,,"December 28, 2020",Monday,0,70.5,No,No,Yes,No,No,,,,1.8,,0,,,,,0,0,,,,No,,,,,,,,,
,,"December 27, 2020",Sunday,0,71.5,No,No,Yes,No,No,,What matters? What needs adding to this DB?,,2,,0,,,,,0,0,,,,No,,,,,,,,,
,,,,0,,No,No,No,No,No,,,,,,0,,,,,0,0,,,,No,,,,,,,,,
,,,,0,,No,No,No,No,No,,,,,,0,,,,,0,0,,,,No,,,,,,,,,
,,,,0,,No,No,No,No,No,,,,,,0,,,,,0,0,,,,No,,,,,,,,,